0,1,2
0.499999,1e-06,0.5
0.996888683876369,1.594967270312518e-10,0.0031113159641342567
0.9944091269346238,0.002392801960484777,0.0031980711048915493
0.9919273363997282,0.004786226875309952,0.0032864367249621856
0.9894434163327728,0.007180157679220424,0.0033764259880070652
0.9869574698603072,0.00957447823157322,0.0034680519081197935
0.984469599141155,0.01196907351057473,0.0035613273482705396
0.9819799053345202,0.01436382964577539,0.0036562650197048937
0.979488488570152,0.01675863394835275,0.0037528774814955734
0.9769954479141932,0.019153374941339767,0.003851177144467624
0.9745008813666468,0.021547942378061246,0.0039511762552924224
0.972004885805099,0.023942227276259723,0.0040528869186417715
0.9695075569829271,0.02633612193371308,0.00415632108336048
0.9670089895044541,0.02872951994953239,0.004261490546014181
0.9645092768066575,0.031122316242084395,0.004368406951258739
0.9620085111426437,0.03351440706502846,0.004477081792328626
0.9595067835668399,0.03590569002152182,0.004587526411639034
0.9570041839140114,0.0382960640805308,0.004699752005458437
0.9545008008169275,0.04068542957321972,0.004813769609854022
0.9519967216553612,0.043073688221989086,0.004929590122650704
0.9494920325733883,0.04546074313546221,0.005047224291150394
0.9469868184662869,0.04784649881732485,0.005166682716389474
0.9444811629749256,0.05023086117075257,0.005287975854323015
0.9419751484814987,0.05261373750141325,0.005411114017089296
0.9394688561065454,0.05499503651910578,0.0055361073743501335
0.9369623656984344,0.057374668343071276,0.005662965958495655
0.9344557558658585,0.05975254448237584,0.00579169965176685
0.9319491039314729,0.0621285778602746,0.0059223182082538415
0.9294424859632425,0.06450268279425833,0.006054831242500607
0.9269359767700284,0.06687477499570871,0.006189248234264367
0.9244296499052179,0.0692447715645621,0.006325578530221518
0.9219235776712765,0.0716125909830046,0.00646383134572053
0.9194178311251705,0.07397815310825354,0.006604015766577873
0.9169124800756848,0.07634137916985292,0.006746140754463879
0.914407593124384,0.07870219174036942,0.006890215135248432
0.9119032376248138,0.08106051475489556,0.007036247620292497
0.9093994797218796,0.08341627348211864,0.007184246796003602
0.9068963843535062,0.08576939451772708,0.00733422112876854
0.9043940152603087,0.08811980577275424,0.00748617896693894
0.9018924349958215,0.0904674364613426,0.0076401285428377985
0.8993917049372431,0.09281221708797441,0.0077960779747845875
0.8968918852966595,0.09515407943420691,0.007954035269135575
0.8943930351227218,0.09749295655114326,0.008114008326136868
0.8918952123509819,0.09982878272159743,0.00827600492742263
0.8893984737612297,0.10216149347969088,0.008440032759081216
0.8869028750256096,0.10449102557412945,0.008606099400262827
0.8844084707131923,0.10681731695829744,0.008774212328511916
0.8819153143033351,0.10914030677481215,0.008944378921854167
0.8794234581992896,0.11145993533982727,0.009116606460884557
0.8769329537420244,0.11377614412712253,0.00929090213085434
0.8744438512242434,0.11608887575200175,0.009467273023755534
0.8719561999045686,0.11839807395503057,0.009645726140401292
0.8694700480099607,0.12070368359307113,0.009826268396967791
0.8669854427960474,0.12300565059410884,0.010008906609843085
0.8645024304952161,0.1253039219821583,0.010193647522623896
0.8620210563740615,0.12759844583384355,0.010380497792092212
0.8595413647376902,0.12988917126815913,0.010569463994146858
0.8570633989444314,0.13217604842973044,0.010760552625832942
0.8545872014205672,0.13445902847206706,0.010953770107358929
0.8521128136750665,0.13673806354082382,0.011149122784100645
0.8496402763143079,0.13901310675708897,0.011346616928591596
0.847169629045131,0.14128411220795295,0.011546258746901412
0.8447009107345448,0.1435510349018718,0.01174805436356539
0.8422341593588577,0.14581383079285268,0.011952009848267595
0.83976941206055,0.1480724567376463,0.012158131201776782
0.8373067051524542,0.15032687048577498,0.01236642436173846
0.8348460741321261,0.15257703066326675,0.012576895204568365
0.8323875536961185,0.15482289675650723,0.012789549547327849
0.8299311777541493,0.15706442909621382,0.013004393149581881
0.8274769794431532,0.15930158884154372,0.013221431715237729
0.8250249911412145,0.16153433796434316,0.01344067089436572
0.8225752444689098,0.16376263924118417,0.01366211628981621
0.8201277703513391,0.16598645620823885,0.013885773440317073
0.8176825989611461,0.16820575318927586,0.014111647849455788
0.815239759777618,0.17042049525245867,0.014339744969781503
0.8127992815887772,0.17263064820223728,0.014570070208821449
0.8103611925046063,0.17483617856460923,0.014802628930788497
0.8079255199693504,0.1770370535723985,0.01503742645825513
0.8054922907751331,0.17923324115103553,0.015274468073835635
0.8030615310739682,0.18142470990421453,0.015513759021821684
0.8006332663903,0.18361142909989223,0.015755304509811986
0.7982075216202721,0.18579336866424043,0.015999109715491865
0.7957843210942589,0.1879704991376386,0.01624517976810699
0.7933636885149948,0.19014279170561213,0.016493519779397697
0.7909456470172179,0.1923102181567083,0.016744134826078238
0.7885302191675039,0.1944727508764842,0.016997029956016388
0.7861174269756142,0.1966303628346445,0.01725221018974618
0.7837072919056618,0.1987830275723803,0.017509680521962605
0.7812998348871043,0.20093071918990316,0.01776944592299717
0.7788950763255494,0.20307341233417958,0.018031511340275884
0.7764930361133845,0.20521108218686082,0.018295881699759403
0.7740937336269051,0.20734370446022043,0.018562561912879395
0.771697187788546,0.2094712553549969,0.018831556856461956
0.7693034170009111,0.2115937115935641,0.019102871405529843
0.7669124392062121,0.21371105037955376,0.019376510414239236
0.7645242718839104,0.2158232493938722,0.019652478722222526
0.7621389320602786,0.21793028678379975,0.019930781155927033
0.7597564363177918,0.22003214115227626,0.020211422529937306
0.7573768008043474,0.2221287915473763,0.020494407648281476
0.7550000412423112,0.22422021745197152,0.020779741305722656
0.752626172937396,0.22630639877357459,0.02106742828903487
0.7502552107737305,0.22838731584213162,0.02135747338414341
0.7478871692756909,0.23046294936988085,0.021649881354433936
0.7455220625381664,0.23253328048626512,0.021944656975573937
0.7431599042857089,0.234598290699443,0.022241805014853778
0.7408007078681293,0.23665796189413704,0.022541330237739195
0.7384444862684013,0.23871227632254172,0.02284323740906271
0.7360912521104037,0.24076121659539948,0.023147531294202585
0.7337410176665127,0.24280476567324433,0.02345421666024883
0.7313937948650404,0.24484290685780843,0.02376329827715707
0.7290495952975247,0.24687562378359146,0.024074780918890093
0.7267084302118558,0.24890290041729926,0.024388669370850997
0.724370310574085,0.25092472101954016,0.024704968406381093
0.7220352469948351,0.2529410701812097,0.02502368282396137
0.7197032497885189,0.25495193278671135,0.025344817424775914
0.7173743289670532,0.2569572940133972,0.025668377019555922
0.7150484942462986,0.2589571393240512,0.02599436642965646
0.7127257550523637,0.2609514544595199,0.02632279048812281
0.7104061205277765,0.26294022543148227,0.02665365404074756
0.7080895995375285,0.2649234385153593,0.026986961947118682
0.7057762006616225,0.26690108025047093,0.027322719087913182
0.7034659322531802,0.2688731374053482,0.027660930341478224
0.7011588023672728,0.2708395970120126,0.02800160062072122
0.698854818816653,0.272800446332631,0.028344734850722732
0.6965539891648851,0.2747556728596493,0.028690337975472335
0.6942563207316574,0.276705264309481,0.02903841495886834
0.6919618205979798,0.27864920861631653,0.02938897078571048
0.6896704956112696,0.28058749392605153,0.02974201046268591
0.6873823523903287,0.28252010859033,0.030097539019348214
0.6850973973302108,0.2844470411607045,0.030455561509091737
0.6828156365929382,0.28636828039007756,0.030816083016991434
0.6805370761671827,0.28828381519894775,0.031179108633876705
0.6782617217919485,0.29019363471129367,0.031544643496765085
0.675989579013892,0.2920977282220765,0.03191269276403876
0.6737206531787161,0.29399608519858356,0.03228326162270763
0.6714549494354368,0.2958886952752192,0.032656355289351555
0.6691924727405504,0.29777554824839686,0.03303197901106015
0.6669332278621148,0.29965663407152443,0.03341013806636806
0.6646772193837349,0.3015319428500852,0.033790837766187354
0.662424451694624,0.30340146484359604,0.03417408346178764
0.6601749290476565,0.30526519043423184,0.03455988051811941
0.6579286554833338,0.3071231101613917,0.034948234355282354
0.6556856348855881,0.30897521469145783,0.03533915042296192
0.65344587097255,0.3108214948196183,0.03573263420783946
0.6512093673000351,0.3126619414654638,0.036128691234509035
0.6489761272649467,0.31449654566866697,0.036527327066394354
0.6467461541086094,0.3163252985847359,0.0369285473066627
0.6445194509200232,0.3181481914808461,0.03733235759913889
0.6422960206251529,0.3199652157382638,0.037738763636591545
0.6400758660445134,0.32177636282272193,0.038147771132772956
0.6378589898160681,0.3235816243181807,0.03855938586575946
0.6356453944506302,0.32538099189823944,0.03897361365113856
0.6334350823218988,0.32717445732838935,0.03939046034972029
0.6312280556692963,0.32896201246226026,0.03980993186845176
0.6290243166007473,0.3307436492379302,0.04023203416133086
0.6268238670953858,0.33251935967429824,0.0406567732303243
0.624626708993024,0.3342891358734468,0.04108415513353768
0.6224328440484442,0.33605296999383955,0.0415141859577247
0.6202422738578479,0.33781085428119284,0.041946871860967835
0.6180549999111116,0.33956278104258986,0.04238221904630729
0.6158710235819812,0.3413087426486659,0.04282023376936178
0.6136903461304318,0.34304873153031745,0.043260922339259454
0.6115129687049768,0.34478274017546356,0.043704291119568514
0.6093388923449179,0.34651076112585494,0.04415034652923607
0.607168117982549,0.3482327869739334,0.04459909504352654
0.6050006464315433,0.3499488103656142,0.04505054320285175
0.602836478443046,0.3516588239741401,0.04550469758282312
0.600675614628252,0.35336282053112655,0.04596156484063063
0.598518055512429,0.35506079280128,0.04642115168630012
0.5963638015241027,0.3567527335849649,0.04688346489094171
0.5942128529969661,0.3584386357153235,0.047348511287719754
0.5920652101717511,0.36011849205543367,0.047816297772824555
0.5899208731980484,0.3617922954955058,0.04828683130645517
0.5877798421224882,0.3634600389556394,0.0487601189218819
0.5856421169438529,0.365121715361375,0.04923616769478164
0.5835076975361948,0.3667773176730216,0.04971498479079318
0.581376583701937,0.36842683886199357,0.0501965774360791
0.5792487751608559,0.37007027191334296,0.05068095292581085
0.5771242715516611,0.37170760982315815,0.05116811862519044
0.5750030724335398,0.37333884559598973,0.051658081970480274
0.5728851772749105,0.3749639722472458,0.05215085047785366
0.5707705855049183,0.37658298278126473,0.052646431713826845
0.5686592964412176,0.37819587021745443,0.05314483334133797
0.5665513093395859,0.3798026275690539,0.053646063091370294
0.5644466233834483,0.38140324784531227,0.05415012877124963
0.5623452376852071,0.3829977240490725,0.05465703826573063
0.5602471512875409,0.38458604917437716,0.05516679953809212
0.5581523631646722,0.3861682162040962,0.055679420631241955
0.556060872210482,0.3877442181123633,0.056194909677165034
0.5539726772911991,0.38931404784341184,0.05671327486539939
0.5518877771707673,0.39087769833704455,0.05723452449219849
0.5498061705616227,0.39243516250811283,0.0577586669302749
0.5477278561136194,0.39398643324872096,0.05828571063767019
0.5456528324151158,0.3955315034259631,0.05881566415893177
0.543581097994034,0.3970703658796741,0.059348536126302635
0.5415126513061004,0.3986030134246069,0.05988433526930333
0.5394474907859195,0.4001294388307545,0.060423070383087106
0.5373856147746636,0.4016496348472263,0.060964750378054065
0.5353270215682612,0.4031635941823782,0.06150938424936629
0.5332717094074356,0.4046713095065023,0.06205698108607307
0.531219676478265,0.40617277344939656,0.06260755007234944
0.5291709209130435,0.40766797859818255,0.06316110048878484
0.5271254407784441,0.409156917499284,0.06371764172228256
0.5250832341262496,0.41063958264004996,0.0642771832337107
0.5230442989206813,0.41211596647055543,0.06483973460877239
0.5210086330872976,0.41358606138574316,0.0654053055269666
0.5189762345019354,0.41504985972715464,0.06597390577091453
0.5169471009914509,0.41650735378079595,0.06654554522775356
0.5149212303224711,0.41795853577867137,0.06712023389885213
0.5128986202490483,0.41940339788223624,0.06769798186870188
0.5108792684441956,0.42084193220155275,0.0682787993542269
0.5088631725458104,0.42227413077919573,0.06886269667495422
0.5068503301461886,0.42369998559156336,0.06944968426218857
0.5048407387926412,0.4251194885467492,0.07003977266052443
0.5028343959880874,0.4265326314824132,0.07063297252938126
0.5008312991793017,0.4279394061671544,0.07122929465338403
0.4988314458058552,0.42933980428457036,0.07182874990936165
0.49683483322955035,0.43073381745162764,0.07243134931883392
0.4948414587810517,0.4321214372026676,0.07303710401629278
0.49285131974968116,0.43350265499120294,0.07364602525912803
0.49086441338342685,0.43487746218735085,0.07425812442923428
0.4888807368775028,0.436245850078952,0.07487341304355737
0.4869002874219448,0.43760780985684306,0.0754919027212243
0.48492306213261727,0.43896333263121323,0.07611360523618178
0.4829490580970734,0.440312409417238,0.07673853248570102
0.4809782723637887,0.44165503113587207,0.0773666965003516
0.4790107019314751,0.4429911886143877,0.07799810945414956
0.4770463437928324,0.4443208725733023,0.07863278363387775
0.4750851948710132,0.44564407364015424,0.07927073148884499
0.4731272520617662,0.4469607823367277,0.07991196560151875
0.4711725122234754,0.4482709890793721,0.08055649869716537
0.46922097217745407,0.4495746841767151,0.08120434364584359
0.46727262869709174,0.4508718578299067,0.08185551347301442
0.4653274785517826,0.4521625001202574,0.08251002132797283
0.46338551844288983,0.4534466010217322,0.08316788053539086
0.4614467450460529,0.45472415038884506,0.0838291045651149
0.4595111550010673,0.4559951379566793,0.08449370704226632
0.45757874490152206,0.4572595533407217,0.08516170175776926
0.4556495113364082,0.4585173860256221,0.08583310263798288
0.4537234508293104,0.4597686253757747,0.086507923794928
0.4518005598784668,0.46101326062428455,0.08718617949726183
0.4498808349471037,0.4622512808725776,0.08786788418033205
0.44796427246355686,0.46348267508787755,0.08855305244857892
0.44605086881041994,0.46470743210274384,0.08924169908684956
0.4441406203676068,0.4659255406042477,0.08993383902815894
0.4422335234491739,0.467136989143552,0.09062948740728766
0.44032957434477715,0.46834176612525746,0.091328659529979
0.4384287692996252,0.4695398598084562,0.09203137089193214
0.4365311045534191,0.47073125829711987,0.09273763714947458
0.43463657628310265,0.4719159495475769,0.09344747416933415
0.4327451806403278,0.4730939213590193,0.09416089800066661
0.4308569137422347,0.4742651613723488,0.09487792488543006
0.42897177166160033,0.47542965706888113,0.09559857126953232
0.4270897504652801,0.4765873957613286,0.09632285377340521
0.42521084615749993,0.4777383645999448,0.0970507892425692
0.4233350547168329,0.4788825505635868,0.09778239471959414
0.42146237208700255,0.4800199404581761,0.09851768745483534
0.41959279416692374,0.4811505209150135,0.0992566849180768
0.4177263168491565,0.4822742783822588,0.09999940476859864
0.41586293596298884,0.48339119912981116,0.10074586490721396
0.41400264731141057,0.4845012692408251,0.10149608344777826
0.4121454466525626,0.4856044746109186,0.10225007873653272
0.41029132973580623,0.486700800940332,0.1030078693238756
0.4084402922481541,0.4877902337373122,0.10376947401454747
0.40659232984893423,0.48887275831026755,0.10453491184081189
0.4047474381609752,0.48994835976540574,0.1053042020736326
0.402905612760826,0.49101702300420463,0.1060773642349827
0.4010668492157365,0.4920787327158973,0.10685441806837932
0.39923114302853474,0.4931334733796781,0.1076353835917999
0.39739848967315544,0.4941812292571389,0.10842028106971807
0.3955688845763511,0.49522198439026716,0.10920913103339364
0.3937423231531759,0.4962557225943909,0.1100019542524446
0.39191880075388247,0.49728242745905993,0.11079877178706832
0.39009831269799583,0.49830208234090595,0.11159960496110802
0.3882808542565359,0.4993146703610197,0.11240447538245323
0.38646642068643394,0.5003201743982677,0.113213404915306
0.3846550071788042,0.5013185770889056,0.1140264157322962
0.38284660889197886,0.502309860819769,0.11484353028825608
0.3810412209340326,0.5032940077250209,0.11566477134094846
0.3792388383965095,0.5042709996797599,0.11649016192372977
0.37743945630349823,0.5052408182983961,0.11731972539810165
0.3756430696359844,0.5062034449284444,0.11815348543558664
0.37384967335453917,0.50715886064486,0.11899146600061647
0.37205926235257814,0.5081070462473742,0.11983369140006317
0.3702718314858604,0.5090479822541497,0.12068018626000557
0.3684873755563806,0.5099816488973308,0.12153097554630429
0.3667058893431448,0.5109080261170894,0.12238608453978149
0.3649273675551792,0.5118270935576892,0.12324553888714748
0.3631518048535135,0.5127388305613724,0.12410936458512985
0.36137919587235584,0.5136432161627388,0.12497758796492123
0.35960953517511307,0.5145402290838161,0.12585023574108684
0.35784281728176254,0.5154298477279338,0.12672733499031977
0.3560790366534023,0.5163120501739887,0.127608913172625
0.3543181877213375,0.5171868141706444,0.12849499810803422
0.3525602648420813,0.5180541171301207,0.1293856180278142
0.3508052623179152,0.5189139361219162,0.13028080156018504
0.349053174417286,0.5197662478669722,0.13118057771575806
0.3473039953319591,0.5206110287304834,0.13208497593757393
0.3455577191963124,0.5214482547154633,0.1329940260882407
0.3438143401067572,0.522277901456732,0.13390775843652725
0.34207385208059904,0.5230999442127386,0.13482620370667886
0.3403362490742784,0.5239143578589139,0.1357493930668242
0.3386015250019858,0.5247211168814248,0.13667735811660606
0.336869673695851,0.525520195367992,0.1376101309361737
0.3351406889233051,0.5263115670009666,0.1385477440757451
0.33341456440504064,0.5270952050508,0.1394902305441761
0.331691293776193,0.5278710823658221,0.14043762385800174
0.32997087060297536,0.52863917136498,0.14138995803206164
0.32825328840011636,0.5293994440309736,0.14234726756892688
0.3265385405927321,0.5301518718989398,0.14330958750834522
0.3248266205323589,0.5308964260487923,0.14427695341886593
0.32311752151399725,0.5316330770979741,0.14524940138804576
0.3214112367326717,0.5323617951883897,0.14622696807895583
0.3197077593275538,0.533082549981202,0.14720969069126152
0.31800708234158037,0.5337953106433193,0.1481976070151176
0.3163091987353069,0.5345000458388106,0.14919075542589982
0.3146141014020102,0.5351967237207026,0.15018917487730474
0.31292178312773344,0.535885311916012,0.15119290495627213
0.3112322366311031,0.5365657775199318,0.15220198584898256
0.3095454545258441,0.5372380870803577,0.1532164583938158
0.30786142933294425,0.5379022065881408,0.15423636407893268
0.3061801534942694,0.5385581014677118,0.15526174503803647
0.30450161933489095,0.5392057365599853,0.15629264410514143
0.3028258190997664,0.5398450761156958,0.15732910478455564
0.30115274491347266,0.5404760837769396,0.15837117130960557
0.2994823888140917,0.5410987225698218,0.15941888861610426
0.2978147427195559,0.5417129548860243,0.1604723023944378
0.2961497984374066,0.5423187424708906,0.16153145909172067
0.29448754767616503,0.54291604641185,0.16259640591200306
0.29282798201079824,0.5435048271180475,0.16366719087117235
0.29117109291476845,0.5440850443117654,0.16474386277348424
0.28951687172271634,0.5446566570064023,0.16582647127089942
0.28786530966038476,0.5452196234970155,0.1669150668426179
0.28621639780886554,0.5457739013373372,0.16800970085381559
0.2845701271326155,0.5463194473293843,0.1691104255380184
0.2829264884450302,0.5468562174994261,0.1702172940555617
0.2812854724347296,0.5473841670865933,0.1713303604786949
0.2796470696322619,0.5479032505177159,0.17244967985003998
0.2780112704348048,0.5484134213948558,0.17357530817035713
0.2763780650738166,0.5489146324689164,0.17470730245728444
0.27474744363828285,0.5494068356260248,0.1758457207357096
0.27311939604314955,0.5498899818598044,0.176990622097063
0.2714939120481978,0.5503640212556997,0.1781420666961191
0.26987098124221676,0.5508289029658979,0.17930011579190153
0.26825059303050053,0.5512845751841113,0.180464831785404
0.2666327366492589,0.5517309851271784,0.18163627822357786
0.2650174011378354,0.5521680790041767,0.18281451985800248
0.2634045753526206,0.5525958019965455,0.18399962265084774
0.2617942479521793,0.5530140982292764,0.18519165381855726
0.2601864073848494,0.5534229107417012,0.18639068187346106
0.2585810418989958,0.5538221814644974,0.1875967766365173
0.25697813951765025,0.5542118511847255,0.1888100092976332
0.25537768804820665,0.5545918595209698,0.1900304524308304
0.2537796750677802,0.5549621448898407,0.19125818004238368
0.2521840879104833,0.5553226444718414,0.19249326761769273
0.25059091367197434,0.5556732941820903,0.19373579214595266
0.24900013919494388,0.5560140286335942,0.1949858321714792
0.247411751056165,0.5563447810996293,0.1962434678442229
0.24582573556854884,0.5566654834804303,0.19750878095103785
0.24424207876500562,0.5569760662620885,0.1987818549729229
0.24266076639236497,0.557276458477797,0.2000627751298549
0.24108178389641982,0.5575665876643371,0.20135162843926
0.23950511642010083,0.5578463798222675,0.2026485037576485
0.2379307487873994,0.5581157593691026,0.20395349184351474
0.23635866549488174,0.5583746490939065,0.20526668541122842
0.2347888506963734,0.5586229701074598,0.20658817919618358
0.2332212881972323,0.5588606417947478,0.20791807000803653
0.23165596143777598,0.5590875817611543,0.20925645680108632
0.23009285348146719,0.559303705778769,0.21060344073978043
0.22853194700144747,0.5595089277300627,0.2119591252685063
0.22697322426688768,0.5597031595494466,0.21332361618368215
0.22541666712649308,0.5598863111613847,0.2146970217121387
0.2238622569959807,0.5600582904181206,0.21607945258591507
0.22230997484001538,0.5602190030324832,0.2174710221275177
0.22075980115592791,0.560368352509038,0.2188718463350502
0.2192117159561261,0.5605062400720322,0.22028204397185788
0.21766569874968286,0.5606325645902133,0.22170173666012014
0.21612172852305064,0.5607472224983522,0.2231310489786131
0.21457978371985667,0.5608501077152926,0.2245701085648667
0.21303984221971875,0.5609411115583237,0.2260190462219735
0.2115018813160357,0.5610201226536893,0.2274779960302908
0.20996587769267952,0.5610870268429954,0.22894709546434103
0.20843180740021086,0.5611417070856796,0.23042648551412537
0.20689964582758888,0.5611840433550566,0.2319163108173702
0.20536936767892383,0.5612139125330758,0.23341671978801595
0.20384094694270624,0.5612311882965191,0.23492786476079017
0.20231435686254065,0.5612357409994171,0.23644990213805775
0.2007895699057428,0.5612274375493782,0.2379829925448945
0.19926655773154162,0.5612061412785856,0.23952730098988825
0.19774529115135311,0.561171711804498,0.24108299704416436
0.19622574009921642,0.5611240048910471,0.24265025500975174
0.19470787358999178,0.5610628722962848,0.24422925411373886
0.1931916596736578,0.5609881616108848,0.24582017871547288
0.1916770654009179,0.5608997160971109,0.2474232185019867
0.19016405677383702,0.5607973745109429,0.24903856871523575
0.18865259869177647,0.560680970913121,0.25066643039511843
0.18714265491314946,0.5605503344826813,0.25230701060418537
0.18563418798654327,0.5604052893009679,0.2539605227125053
0.18412715920930559,0.5602456541451862,0.25562718664552553
0.18262152855276015,0.5600712422488445,0.25730722919841353
0.18111725460392616,0.5598818610629951,0.2590008843330986
0.17961429450451175,0.5596773120046206,0.2607083934908898
0.17811260386467848,0.5594573901744102,0.2624300059609367
0.17661213669526823,0.5592218840750695,0.2641659792296928
0.17511284532360594,0.5589705753037595,0.26591657937267216
0.17361468030349275,0.5587032382251452,0.26768208147137645
0.1721175903334099,0.5584196396352226,0.2694627700313818
0.17062152214082574,0.5581195383813822,0.2712589394778064
0.16912642039048917,0.5578026849831843,0.27307089462634093
0.16763222755638763,0.5574688212042146,0.274898951239412
0.16613888381906947,0.5571176796235405,0.27674343655740424
0.16464632692420514,0.556748983152583,0.2786046899232259
0.1631544920503622,0.556362444534893,0.2804830634147588
0.16166331164665196,0.5559577657935374,0.28237892255982466
0.16017271529314783,0.5555346376695871,0.284292647037279
0.15868262951989684,0.5550927389937671,0.2862246314863499
0.15719297761405251,0.5546317360132442,0.28817528637271717
0.1557036794281796,0.5541512816828643,0.2901450388889698
0.1542146511774132,0.5536510149072408,0.29213433391536
0.15272580518440526,0.5531305596909647,0.29414363512464375
0.15123704964414772,0.5525895242600191,0.29617342609584685
0.14974828834868278,0.552027500094157,0.29822421155717377
0.14825942039725593,0.5514440608891307,0.3002965187136271
0.14677033985935867,0.5508387614108835,0.3023908987297714
0.1452809354532141,0.5502111362979896,0.30450792824880973
0.14379109015522862,0.5495606987213288,0.306648211123456
0.14230068077735397,0.5488869389287119,0.3088123802939474
0.1408095775302973,0.5481893226853191,0.3110010997843971
0.1393176435255382,0.5474672895513716,0.31321506692310364
0.13782473423449063,0.5467202510044884,0.31545501476103444
0.1363306968944774,0.5459475883832123,0.317721714722324
0.1348353698605346,0.5451486506366551,0.3200159795028242
0.1333385818686473,0.5443227518252144,0.32233866630615265
0.13184015125517382,0.5434691684043436,0.3246906803404978
0.13033988506969224,0.5425871361997376,0.32707297873058705
0.12883757810198035,0.5416758470729608,0.32948657482507804
0.12733301177620746,0.5407344451942152,0.33193254302960057
0.1258259529531698,0.539762022939043,0.334412024107817
0.12431615256653163,0.5387576162837819,0.3369262311497267
0.12280334410601035,0.5377201996716563,0.33947645622239037
0.12128724188675007,0.536648680223591,0.34206407788974197
0.11976753913491442,0.5355418912731794,0.3446905695919186
0.11824390580192494,0.5343985850470178,0.3473575091510698
0.11671598606891055,0.5332174243569148,0.3500665895741869
0.11518339551674935,0.5319969731757912,0.35281963130747174
0.11364571790183588,0.5307356859041709,0.3556185961940055
0.11210250143820585,0.5294318950561351,0.35846560350567136
0.1105532544950848,0.5280837970727883,0.36136294843213906
0.10899744062527593,0.5266894359453562,0.36431312342937994
0.10743447280421305,0.5252466842374359,0.367318842958363
0.10586370660362013,0.5237532208079669,0.3703830725884247
0.1042844322622705,0.5222065048126241,0.3735090629251175
0.10269586521550324,0.520603744878363,0.3767003899061458
0.10109713481461571,0.5189418624653958,0.37996100272000033
0.09948727082459964,0.5172174480625362,0.38329528111287603
0.09786518706378045,0.5154267082981644,0.38670810463806704
0.09622966143201125,0.5135654015724022,0.39020493699559816
0.09457931135318531,0.5116287590785765,0.3937919295682498
0.09291256324416303,0.509611386877567,0.3974760498782815
0.09122761411397519,0.5075071430969952,0.4012652427890412
0.08952238273612763,0.5053089821583266,0.40516863510555706
0.08779444668853535,0.5030087544431577,0.40919679886831806
0.08604095986615452,0.5005969445968071,0.41336209553704983
0.08425854269712367,0.49806232404695094,0.4176791332559364
0.08244313296989587,0.495391480206519,0.42216538682359583
0.08058977876778774,0.49256816456605024,0.4268420566661731
0.07869234321923865,0.4895723657621589,0.4317352910186138
0.07674307040629957,0.4863789505875808,0.43687797900613035
0.0747319221609817,0.4829555947736346,0.44231248306539456
0.07264552189196807,0.4792594954261469,0.4480949826818963
0.07046535857774067,0.4752318103219341,0.45430283110033604
0.06816449118426388,0.47078751291293136,0.46104799590281575
0.0657007976661296,0.4657947796872306,0.4685044226466513
0.0630011353935617,0.46002700323351026,0.4769718613729384
0.059920634156136444,0.45303913544647584,0.48704023039739824
0.05617504988358779,0.4439479610785619,0.4998769890378616
0.05173592068917101,0.43252566431387834,0.5157384149969609
0.04856465444456877,0.42454740624586,0.5268879393095925
0.047671982541419654,0.4233695562727339,0.5289584611859102
0.047334476048742226,0.42388522088578773,0.5287803030684762
